<?xml version="1.0" encoding="UTF-8"?>
<addOn>
  <identifier>e59410af-4a80-11e4-9553-005056977bd0</identifier>
  <displayType>Collection</displayType>
  <translatedDisplayType>
    <en_US>Collection</en_US>
    <es_ES>Collection</es_ES>
    <es_MX>Collection</es_MX>
    <ja_JP>コレクション</ja_JP>
    <ko_KR>컬렉션</ko_KR>
    <zh_CN>集合</zh_CN>
  </translatedDisplayType>
  <name>Device Drivers</name>
  <author>Giampiero Campa</author>
  <version>1.6.0.1</version>
  <downloadUrl>https://www.mathworks.com/matlabcentral/mlc-downloads/downloads/submissions/39354/versions/10/download/zip?src=addons_ml_desktop_install&amp;profile_id=11898520&amp;license=40829043&amp;release_family=R2020a</downloadUrl>
  <licenseUrl>https://addons.mathworks.com/registry/v1/e59410af-4a80-11e4-9553-005056977bd0/1.6.0.1/-/license</licenseUrl>
  <previewImageUrl>https://www.mathworks.com/responsive_image/160/120/0/0/0/cache/matlabcentral/mlc-downloads/downloads/submissions/39354/versions/10/screenshot.jpg</previewImageUrl>
  <releaseNotesUrl>https://www.mathworks.com/add-ons/e59410af-4a80-11e4-9553-005056977bd0/4d47ef5c-6f98-3042-0bf3-4b1d92f58374/releaseNotes</releaseNotesUrl>
  <installationFolder>Collections</installationFolder>
</addOn>
